{"cameraMode":{"drawMode":0,"name":"Shaded","section":"Shading Mode"},"sceneLighting":false,"audioPlay":false,"sceneViewState":{"m_AlwaysRefresh":false,"showFog":true,"showSkybox":false,"showFlares":true,"showImageEffects":true,"showParticleSystems":true,"showVisualEffectGraphs":true,"m_FxEnabled":true},"in2DMode":false,"pivot":{"x":-806.9278564453125,"y":759.046142578125,"z":-1190.507080078125},"rotation":{"x":0.000831730430945754,"y":-0.9971383810043335,"z":0.07523560523986817,"w":0.011391036212444306},"size":11.411661148071289,"orthographic":false}