{"cameraMode":{"drawMode":0,"name":"Shaded","section":"Shading Mode"},"sceneLighting":false,"audioPlay":false,"sceneViewState":{"m_AlwaysRefresh":false,"showFog":true,"showSkybox":true,"showFlares":true,"showImageEffects":true,"showParticleSystems":true,"showVisualEffectGraphs":true,"m_FxEnabled":true},"in2DMode":false,"pivot":{"x":1840.7457275390625,"y":930.7224731445313,"z":44.1837158203125},"rotation":{"x":-0.01018557045608759,"y":0.025805916637182237,"z":0.0002489093749318272,"w":0.9996567964553833},"size":845.1725463867188,"orthographic":false}