{"cameraMode":{"drawMode":0,"name":"Shaded","section":"Shading Mode"},"sceneLighting":false,"audioPlay":false,"sceneViewState":{"m_AlwaysRefresh":false,"showFog":true,"showSkybox":false,"showFlares":true,"showImageEffects":true,"showParticleSystems":true,"showVisualEffectGraphs":true,"m_FxEnabled":true},"in2DMode":false,"pivot":{"x":-594.7208251953125,"y":763.6323852539063,"z":-1055.20068359375},"rotation":{"x":-0.0023418893106281759,"y":0.5472879409790039,"z":0.0013378587318584324,"w":0.8370262980461121},"size":125.25210571289063,"orthographic":false}